object_id,period,score
615,0.324499176586,0.954845309105
1227,0.242728307274,0.0996537287564
1926,0.120052053397,0.227939953462
2624,0.994655879338,0.037681503448
2677,0.831099121161,0.206933816961
4171,0.166502232971,0.34824825128
6266,0.490932279424,0.121250659663
7566,0.213805116791,0.273348439964
7756,0.179930052832,0.18254449723
8688,0.174644512377,0.0489585058014
8784,0.561252115799,0.804860609414
9006,1.05347403664,0.136853149732
9172,0.997378422552,0.2210521931
9543,0.931992256464,0.207092672908
9985,0.105928279923,0.0295528655672
10349,0.373564554174,0.0648568773752
10796,0.99469596142,0.0810522179632
11165,0.209599831279,0.992895139829
11931,0.518394971987,0.158715216886
12695,0.625895768458,0.738710295265
12872,0.409225178785,0.0978854379107
14080,0.994718559233,0.257079017302
14156,0.499272289967,0.110707089964
15475,0.271205017151,0.0285251591371
15626,0.183876687717,0.0853433460485
15700,0.130307776042,0.527061041365
16339,0.129448554488,0.065266060216
16349,2.2102314778,0.256349416222
17094,0.210953574451,0.143213821619
17172,0.123916783015,0.0653255009386
18556,0.998623301418,0.589642609596
22574,2.20980858246,0.399837860894
23795,0.188501792984,0.241826146333
24236,0.501356273283,0.164150606932
24849,0.51611220577,0.224556010921
24903,0.244587618096,0.117299840842
25920,0.721663604145,0.580344647133
26161,0.557704903339,0.779380504927
26352,1.03513316955,0.0306534564442
26401,0.382848283924,0.562350959937
26660,0.330489817255,0.0445375783612
26783,0.699053724963,0.775566663668
27124,0.561249151766,0.666996116069
28391,0.613198641659,0.816618446851
28915,0.662314655513,0.506238090078
30066,0.760993532763,0.106988678517
30505,0.20959952286,0.97976790336
30576,0.10960495646,0.129566917564
30673,0.146301018712,0.142234437518
30895,0.163113606978,0.0489300952383
31033,0.509307755005,0.0775967594303
31310,0.387900952813,0.966988011457
31605,0.103696609752,0.103924895236
32238,0.372173343596,0.287167399472
32375,0.137649147959,0.0747340262339
33409,0.994332154573,0.117453573899
35555,0.997081772277,0.243697051257
36337,0.499332793296,0.150432013738
36362,0.251601015697,0.118853757923
36671,0.142573097698,0.148673286285
37168,0.123020072683,0.119194042746
37776,0.171373063938,0.16793579866
38244,0.103803419099,0.128798950178
38730,0.171449861464,0.164145594254
39223,0.158739650682,0.178105723344
42689,0.213210848449,0.0508619181554
42776,0.382848969922,0.517262525222
43413,0.146300479812,0.146926155107
43509,0.646995909066,0.793026669209
44480,0.171451593006,0.18794328254
44836,0.516812551361,0.105325677838
45115,0.231491230701,0.206889519271
45203,0.382858917171,0.603408332453
46210,0.316257917935,0.0652879920763
46567,0.499255785921,0.0530834081165
46958,0.932194244381,0.15464332056
48426,0.266102466734,0.0404838264557
48981,0.100172762479,0.312972408634
49219,0.12007172898,0.179013972655
49389,0.598583661897,0.835040734768
49783,0.507218983545,0.12045746646
51987,0.642408301207,0.80523102552
52370,0.249488495082,0.159856113975
53025,0.518688134708,0.106130213905
53525,1.11368887304,0.435686011555
53938,0.250870639427,0.0823027103728
54915,0.248864779267,0.18147291111
55018,0.270909377008,0.145569788642
55141,0.997496519828,0.152386619039
55155,0.243690405184,0.0430774963242
55946,1.03201584187,0.142790741774
56245,0.145599572506,0.258583242393
56769,0.122867550191,0.0411045169738
56893,0.481782966288,0.193338351514
57263,0.200314641446,0.104286336084
57561,0.10595774966,0.0601129912672
57784,0.100109275563,0.118988196844
59163,0.249463482749,0.150889273683
59427,0.107572401487,0.192528292404
60376,1.53349441876,0.138202305014
60407,0.111151586302,0.062490861801
60742,0.128744873264,0.0926847811486
61101,0.298011731802,0.0978958602975
61407,0.277800259975,0.959068506948
62078,0.245355423156,0.110705068786
62230,1.11359188266,0.355742428622
62384,0.199998922859,0.081166824682
64485,0.561251314769,0.681899374096
65749,0.119903789148,0.201155002923
65877,0.119192951418,0.125574185555
66325,0.11776105529,0.103996958142
66904,0.188649816312,0.227187691864
67480,0.964702117403,0.0736457552838
67981,0.166353265198,0.106445660871
68667,0.561250593766,0.664926499848
70816,0.122206262397,0.120772583616
71080,0.277799896304,0.954664407992
71438,0.129607312228,0.102160850653
72256,0.103969690022,0.111583963015
73433,0.141432513905,0.05183006392
75116,0.129449858085,0.0597274684755
75562,0.111149380634,0.061440658529
75754,0.915572912715,0.458073404014
76305,0.121721835124,0.205260262172
77010,0.119554314122,0.0709034568385
77157,0.997710092474,0.744776492717
78095,0.481245278307,0.150434103085
78677,0.146458641398,0.142671512562
78702,0.555796384247,0.725004752388
78705,0.574307745597,0.755348851396
79428,0.115222615118,0.0965032518018
81665,0.200549609356,0.111787887616
82302,0.121434631206,0.121972479011
82401,0.129099207656,0.126550846579
83348,0.999646802033,0.048750716645
83821,0.759130082343,0.0385936083031
84306,0.209599831279,0.97283770428
84758,0.994898237734,0.0267784852327
85125,0.115297697238,0.157423678344
85470,0.934401618405,0.150192076175
86759,0.527954328942,0.143742759053
87467,0.70841160566,0.105758186733
87498,0.169400941644,0.232640638913
88073,0.329800260698,0.984549212423
88511,0.49929519727,0.013292296338
88980,0.129099779241,0.136924827889
89157,0.625918441463,0.751692422393
89298,0.145599423514,0.271938787245
89709,0.594107922338,0.751184602101
90399,0.119880659158,0.0906556712909
91337,0.499261718075,0.0868265171295
91988,1.49789934472,0.426195552761
92334,0.165459907157,0.107606187018
92566,0.59911606264,0.471621190301
92929,0.110776162687,0.177224634451
93362,0.691003016816,0.767037113002
94107,0.129101401804,0.128020021202
95147,0.101871087592,0.185253091858
95864,0.612288926287,0.787754273475
97053,0.250311449881,0.12616299508
98533,0.994925425481,0.0728572460153
99932,1.4960235571,0.0816246793813
101374,0.139939726227,0.250220015101
101890,0.160592898212,0.124590475566
102330,0.205356973931,0.183502059018
102823,2.85413381842,0.116462662199
103171,0.297799023594,0.980850196919
103572,0.582513348941,0.0411417145409
104523,0.122517077079,0.139080194271
104701,0.148721023381,0.060814568935
106429,0.107968838554,0.186226133981
106818,0.336599189388,0.964224901328
107451,0.163099358087,0.0668888952891
107901,1.00021487422,0.165868285003
111448,0.124658812105,0.0494730527364
111650,0.549410928808,0.112091718168
112629,0.133586428152,0.140154091804
112886,0.165594364922,0.145513706348
113028,0.195687527233,0.159031330651
113335,0.243109806207,0.0954336060601
114191,0.382235493357,0.099802379782
115670,0.209485264679,0.251465878977
115937,0.133557445303,0.139314759458
116570,0.129100267956,0.148378742738
117016,0.301698893338,0.979799590257
117104,0.5267823922,0.696874138211
117184,1.46683183285,0.217519265677
117461,0.375596948705,0.985221918664
118422,0.16636213768,0.148499600767
118868,0.934256272163,0.292409373863
119882,0.249493345322,0.0804443146869
121182,0.223269988475,0.0457094827065
121883,0.13972627125,0.0697919285943
122235,0.106783513822,0.12088102528
122716,2.93110938363,0.0831232274411
123926,0.148250196925,0.967757967709
123927,0.382858231137,0.676257483356
124183,0.119516126017,0.128170652225
124188,0.185437674155,0.0515385633931
125095,0.997357930932,0.208087617738
125258,2.68656003752,0.0935183963574
125518,0.172867238853,0.107960077412
125762,0.130561267581,0.14741973554
126061,0.109911793699,0.186871787105
126970,0.382851713939,0.581276027246
127488,0.18588249416,0.250413451495
127773,0.100479587306,0.0750768443117
128405,0.605769419484,0.107537965481
129637,0.682782230104,0.832760316664
130625,0.644598990062,0.717512583141
131181,0.145599874345,0.243622452868
131368,0.507918403987,0.148164238992
131492,0.300194845558,0.196681482878
132278,0.570200719662,0.754000586247
133773,1.00022730103,0.77858306131
135357,1.00295849312,0.135117495423
135588,0.12909998662,0.173033000418
136352,0.15537726857,0.112855657028
136949,0.116552009211,0.0503773486826
137510,0.218435723224,0.115818437298
139016,0.621389084295,0.541793503082
140472,0.272500618136,0.0357564658506
141334,0.12369268616,0.214831497255
142099,0.997262315626,0.752833810574
143865,0.14013694267,0.16939291717
145107,0.252727931731,0.181276509517
145160,0.788278418313,0.115981478725
146187,0.778305822065,0.847442641414
147816,0.350499123686,0.970488817382
148204,0.498655718724,0.449610397757
150266,1.11360938943,0.48085116853
150344,2.63516045751,0.0800749479001
150765,0.10717140284,0.0791584118693
151356,0.129450568146,0.0667025070405
151458,0.369599418701,0.0469281427104
151694,0.408097825883,0.970275530332
151973,0.601673009212,0.743360916093
152425,0.111267289728,0.261923813631
152567,2.20985429308,0.365649232612
152618,0.114788425305,0.163540607306
152640,0.374826619551,0.103952961399
152682,0.209599627676,0.984623949212
152787,0.33241799689,0.154588681255
153089,0.372120142204,0.241094976615
154986,0.383233515427,0.695002112579
155110,0.162427570557,0.117572703755
155468,0.103250204997,0.170453967527
158731,0.250707987505,0.141888975192
159316,0.490897230901,0.293342432564
159491,0.835919843709,0.168932631372
160921,0.109946119349,0.195024216396
161411,0.106693092868,0.153205943578
161432,0.148250145494,0.966490884593
161877,0.3803010882,0.154207808054
162152,0.129101457782,0.18588096486
164805,0.626804429868,0.792572784907
165406,0.964817950203,0.063429305223
166165,0.498645826802,0.157534593563
166195,0.129099440589,0.104152407798
166330,0.130257766521,0.131240759481
166956,0.104167238625,0.0710671145549
167123,0.162353332716,0.0633011864819
168146,0.183955462422,0.10588977599
168952,0.332417947624,0.170429391755
168957,0.17681985076,0.038904416722
168989,2.01758398737,0.385264155842
169375,2.72253109428,0.139807154628
169967,0.561246225314,0.693144315096
170883,0.120067170191,0.137946504736
172461,0.599133722029,0.460679067921
174836,0.625957487269,0.159247775882
174980,0.378641332308,0.180003916171
175105,0.115651234533,0.124080398518
175824,0.136932250362,0.0883529957239
176246,0.592984048244,0.710115834111
176756,0.104630553644,0.112813578562
177697,0.34603447827,0.103723053175
179639,0.14630194955,0.155894236774
179685,0.186585789153,0.116838739384
180852,0.754503343125,0.203083337856
181598,2.21047157148,0.309020306412
182482,0.934491686224,0.0587516580828
183143,0.120198694086,0.0575893518217
183622,1.06955029435,0.150766068201
183985,0.225496686821,0.131531483279
184340,0.129450621991,0.0647681456396
185605,0.687244663181,0.282426418897
185839,0.110812773114,0.0415311168351
186115,0.68209417119,0.730490371399
186207,0.123094002072,0.0900879936573
186691,0.10707074839,0.125895135641
187120,0.561250678553,0.640061342254
187511,1.49339674703,0.178059639947
188157,0.157692625064,0.418145875849
188405,0.528718472217,0.115287776182
188801,0.239130406925,0.132538869176
188831,0.110057985344,0.27579834592
189532,1.49369499481,0.676397618125
190040,0.24999483597,0.0633942709407
191287,0.467968103683,0.0802798542495
191847,0.103347388892,0.141482300428
193961,0.125340187149,0.149076879066
194937,0.214007644463,0.13379318315
195026,0.304716224405,0.0963293266528
195331,0.213084294969,0.150240705727
196122,0.358398916032,0.972501351964
197299,9.54628506657,0.571063094124
197585,0.42857729281,0.369927764032
197595,0.201618193767,0.149924793045
198034,2.98396064079,0.0434311913384
198103,0.998616252279,0.16667562751
198133,0.209600041729,0.984792307792
198208,0.465205948848,0.678106927153
198690,0.336600226702,0.97106206436
199112,0.316127177261,0.125282797725
200148,0.11456283025,0.103182049306
200161,0.145600913447,0.183246006792
200479,0.173734485347,0.139640238281
200949,0.209599890452,0.987248961368
201890,1.00037239041,0.328625600578
202601,0.211192074539,0.177663648835
202654,0.545408159371,0.775850899009
204288,0.119953303302,0.107456878816
204575,0.167627779302,0.0556066725348
204628,0.215831150387,0.169231608109
205293,0.644593149587,0.679687950221
205459,0.931749112939,0.182894699045
205895,0.264629830787,0.0497145729882
206766,0.148249682612,0.966337822575
206940,0.106390867754,0.105337343038
208357,0.999750091863,0.199485764652
210765,0.134720762978,0.132235662897
210912,0.673647105645,0.0724239671082
211677,0.201136202732,0.0397499443695
212084,0.997297466804,0.114547192439
212931,0.162427570557,0.0941253846645
213294,0.249486215581,0.119643545089
214548,0.147391991538,0.0997111654854
215085,1.07259460532,0.193376998393
216087,0.997223617827,0.18290098148
216970,0.165421253372,0.129803714172
218368,0.119896987044,0.298010079131
220000,0.199672699039,0.245225581868
220685,0.129098903276,0.134490473528
220702,0.21522182298,0.156141905717
222506,0.272672950361,0.106393870029
223791,0.136329216588,0.246558284095
223940,1.48765960064,0.346623150675
224103,1.07445955824,0.0777143646523
224205,0.994966209887,0.0391755703866
224527,0.673205624393,0.732244632403
225461,0.1213470274,0.178439643777
225494,0.131043628842,0.121040348451
226855,0.50104114133,0.0291169403008
227130,0.204225178845,0.135498218368
228011,0.333022882961,0.0286743468893
229781,0.209599731189,0.985205372985
230447,0.102593361312,0.153713291339
231062,1.20708668302,0.13457553051
231102,0.290944198088,0.0775747203952
233020,0.204196467658,0.166349417649
234724,9.55340451399,0.420797128023
235124,0.129451123823,0.0795067093282
235402,0.175918351533,0.184352187732
235952,1.52567637087,0.0941110013898
235970,0.273719966921,0.115792248519
236205,0.158299845711,0.111268301514
237982,0.131595084287,0.145243272266
238605,0.33130000153,0.977144950354
239364,0.222827470893,0.122847863487
239835,1.07232275766,0.0557934497279
240399,0.382855644342,0.559952762063
241980,2.96344817005,0.102414827169
242132,0.313300253872,0.955228158154
242522,0.508611085576,0.11147966459
242834,0.165100081479,0.231289101499
243303,1.4586808969,0.0611566017336
243320,2.01754097821,0.622308612177
243726,0.10327708005,0.15306208072
244159,0.503107487557,0.685618081199
244952,0.93405456669,0.119257679873
245078,3.21365729036,0.107859160527
245887,0.508599089754,0.461968892502
246012,0.196763721199,0.179899676973
246195,5.43081412794,0.249917685023
247738,0.123843605059,0.0778937457467
247906,0.145597486647,0.193250920413
249983,2.98385874315,0.105680406105
250871,0.931797873725,0.192517079106
252924,0.146302537453,0.15621634543
253015,0.432164027823,0.0712824259863
254469,0.203695582892,0.108402135612
254842,0.115694504164,0.0127237388787
255891,0.110529067584,0.0514010076114
256899,0.385169971946,0.0960823146831
257059,0.633312189231,0.747372650394
257550,1.07258652602,0.121430824906
258888,0.108805129255,0.109013839659
259561,0.26229990527,0.982960412236
260709,0.461085210994,0.0491112856073
262305,0.231155862152,0.134615500074
263348,0.997099919012,0.12725070751
263821,0.738306096308,0.838677212636
264234,0.166231670893,0.0829155115921
264580,0.136372500504,0.11819166263
265034,1.00005638971,0.130500336153
265676,0.122474219478,0.111653693776
266651,0.107456545732,0.167319343717
266677,0.145600221939,0.222226312573
266702,2.78174238972,0.180111929913
268132,0.115651020234,0.222923233859
268977,0.993989720542,0.697380800692
269068,0.115651020234,0.13169186448
269366,0.270995412711,0.113813558409
269454,0.130865722172,0.0952560977808
270085,0.135555093811,0.230324579925
271893,0.16653362059,0.144707534044
272197,0.382853966848,0.58531768865
272367,0.12360072576,0.292801030752
272586,1.46181252526,0.0731589242965
272628,0.835924749306,0.191939465356
273320,0.382857321851,0.560432046905
273339,0.146299353033,0.118361107217
273604,0.413373329936,0.0483565973789
274599,1.000333452,0.130278367478
274938,0.404999166029,0.963431722428
275418,0.144806660471,0.0733789223888
276677,0.934025984336,0.0421784331089
277648,0.12910190933,0.133993289953
278480,1.00022730103,0.837710548246
279617,0.151945249206,0.211345828317
280334,0.493629766358,0.171411265671
280814,0.129099521817,0.140242549257
280825,0.308400121582,0.973196560361
280954,0.608014980668,0.0421808048793
281056,0.195453870212,0.160521784554
281273,0.721651417027,0.83447317721
281669,0.20959942065,0.98587021504
281787,0.120906682448,0.117579791932
281823,0.495794574186,0.718418992484
282647,0.103777849856,0.133839741189
282659,0.130636965601,0.0813759193494
284373,0.994482437337,0.116114814295
284655,0.139925193002,0.115607150091
284751,0.550876209568,0.0927576122515
284802,0.498631862405,0.262974692697
285577,0.461435615185,0.130738336237
285644,0.397698639478,0.982669429383
286720,0.612494813434,0.695969041904
288035,1.06949943461,0.127718089425
288128,0.12945021279,0.0774957512421
288194,1.00031039836,0.778940336285
288967,0.148249682612,0.962186973773
289591,0.169223639998,0.188053870023
289657,0.997032823554,0.289867644175
289752,0.249640746037,0.194495095147
290589,0.249685401617,0.111149759105
290797,1.11062319251,0.10817660016
290954,2.21019718296,0.245189785593
292729,0.237437013922,0.123374397866
292798,0.100025916795,0.136535455151
293730,0.107029648371,0.0318902928074
293898,0.149797249611,0.111484879538
294059,0.599802443836,0.757958652581
294235,0.145601310768,0.196783729817
294782,0.183960884448,0.0842326450342
296285,0.125421701961,0.15445335666
296570,0.387901731283,0.972298149352
297005,1.46176247352,0.0291168516396
298019,0.256125789796,0.10841817797
299108,1.06954494047,0.184555923663
300189,0.340099562065,0.978648060133
300684,0.145600168477,0.239434327502
302077,0.107829280322,0.0571607475323
302142,0.146301173265,0.0868631572049
302849,0.994850558548,0.0392282853261
304076,0.346409472354,0.0432020059116
304623,0.231519573545,0.099304153221
304846,0.130716900762,0.0899216144363
305496,0.103348269708,0.129417810051
305673,1.376385722,0.100168895613
305958,0.997380699451,0.1076245188
306448,0.111111529698,0.0925252766481
307751,0.612297150054,0.824550170796
308282,1.1136349365,0.468184284622
310143,0.171450900385,0.185555474999
310942,0.350900163564,0.979794681503
312681,0.382855875653,0.588435818407
312787,0.107866147351,0.18828985253
312964,0.997180305848,0.325730993181
313359,0.994823479092,0.128962380922
313542,0.111296181999,0.188310524688
313565,0.624388397951,0.767651993527
314321,0.291942132772,0.102212017633
315560,1.00008157085,0.219384836799
315765,0.110936994698,0.160531845499
316154,0.372120466557,0.262086938151
316619,0.145602304078,0.181058563314
316866,1.54820554715,0.136527353494
318155,0.145596597116,0.248962111008
318410,0.186786238994,0.100507148366
319255,1.09411012993,0.0823647221701
319467,0.997100718892,0.312386000307
319727,0.168501649964,0.179047381913
320622,0.561252115799,0.80611071223
321283,0.129098864238,0.151669993726
323163,0.10706684326,0.200636132743
323417,1.4978940942,0.220929933929
325372,0.29805399451,0.108317288561
325892,0.99717093416,0.0822823133935
325974,2.2102314778,0.327114979229
326167,0.124650197516,0.229478231808
326272,0.456010120309,0.744111375343
326600,0.265418805346,0.124339246418
326938,0.119906988424,0.107941544926
328531,0.103568309962,0.106177360504
329394,0.330661233382,0.0611795067513
329568,0.931690200465,0.24286099163
329826,0.107070636745,0.284443720992
329854,0.146301361651,0.159952239523
330300,1.00007841612,0.104072264049
330311,0.382842895756,0.654470975004
330517,1.38498352116,0.250870055954
330663,0.150253964167,0.233282497088
331154,0.29779902707,0.976067550779
331174,0.667399732861,0.431287309898
331321,0.19042627835,0.0821945065483
331371,0.119984536174,0.165999569902
331996,3.80904107301,0.081925848368
332245,0.721650198338,0.731046110632
332684,0.995966473377,0.531265540826
334262,0.481786768559,0.142018895679
334333,0.110498629189,0.0756263069477
337743,1.92707180658,0.117429048852
338999,0.594559126879,0.152917753143
340434,3.11559841108,0.0897855494955
341032,0.172851062333,0.134926316635
341487,0.99441069701,0.327359645452
341769,0.176709032686,0.0971640106656
342819,0.145601211437,0.263714013494
1153371,5.90879151541,0.303354440907
1215304,3.82503139582,0.353791778561
1288208,7.61395119758,0.335037719242
1415987,5.84376279168,0.827225864231
1497514,4.71330376995,0.263121766902
1516088,4.63527144996,0.219714850525
1597464,9.95336645742,0.238560763583
1854631,4.0257286089,0.156907902458
1904697,5.4033347303,0.742741665821
1919887,5.09092682134,0.0799517148594
1952799,6.35045894789,0.34246464848
2041005,3.28342796222,0.227912552432
2106069,3.10054644629,0.251111583574
2110685,6.59370580896,0.115610877152
2278738,3.13377529669,0.239660026417
2298767,9.55430683483,0.138183976469
2317409,9.81733682495,0.24377053717
2352593,3.21929852259,0.403426665158
2580406,8.70769576386,0.705609518201
2631268,2.53057010714,0.201371468112
2698409,7.18253763766,0.309898151812
2776284,4.60139835198,0.0515580422866
2902700,2.27605332621,0.452025228436
2939083,6.11663630295,0.77617894482
2960700,4.06212115969,0.215677157364
2994449,8.82115213409,0.234710250965
3038674,8.34224827717,0.129340821012
3100669,3.28922265986,0.152430817637
3199544,6.54768718324,0.445254613255
3311525,5.59062152001,0.537180783796
3366417,5.73242146784,0.229677425156
3412167,3.27533106413,0.323682530052
3419558,5.56173070502,0.254932034671
3433294,6.87620473769,0.19702374792
3460976,3.96669728452,0.314532932973
3478374,6.5357933773,0.355263719655
3625643,8.52339604504,0.409863684507
3810368,9.50904830924,0.599526507826
3829378,4.56544844412,0.314195730637
3909174,4.67987280164,0.611163776014
3943958,3.09709748949,0.398189895492
4037062,5.48346096659,0.694148894502
4051758,3.26393441353,0.257178143975
4092696,5.29181994946,0.507879240028
4175952,3.10071492517,0.397079740199
4364990,3.32684422963,0.39923276209
4397116,6.69278158518,0.155112018246
4413277,3.2339013623,0.272199286193
4416529,7.0240925041,0.386191160641
4534339,3.08803382782,0.281579811101
4545655,9.72143114104,0.0821016662813
4548783,4.56220237689,0.168576553769
4567028,3.18943291601,0.318216961335
4797347,6.53328019654,0.42182370121
4798690,3.94493227612,0.560776249666
4814572,6.83825444339,0.162755856046
4855013,3.12949922886,0.563069413439
4999074,3.56512069724,0.24473004222
5072263,9.34126167118,0.323646544901
5095468,3.93105157884,0.284425981475
5265524,9.32070299915,0.439680743143
5343694,2.99951435779,0.300757108471
5345351,5.70963515269,0.148485431766
5487304,2.69308637378,0.395062908224
5506098,3.07449785481,0.100944590615
5562789,6.45823722706,0.22616783617
5823700,6.31809527239,0.43710336768
5849046,6.51905969803,0.126052223414
5855578,3.11283576219,0.499020961556
5888692,8.02938592531,0.336054836382
5907921,5.86106916339,0.470422715762
5936751,7.10730300257,0.295893757353
5947089,3.61086548274,0.300120628789
6103303,7.83997206853,0.217452349677
6125178,4.26353983921,0.174114747524
6180348,8.21851966624,0.415550317623
6231563,7.32266879642,0.0903547335503
6273384,4.11641654326,0.489106060738
6307613,4.96216231166,0.241454164962
6360352,4.9438806907,0.325700342002
6466200,4.08257024437,0.285082928063
6802807,4.22795549335,0.533050603319
6822542,2.73879928679,0.289222598615
6957058,4.45610752334,0.260223554806
7019508,4.75239568616,0.42307477017
7186711,5.02376244512,0.386123185117
7186964,5.9958878182,0.468411818038
7300190,4.36322389307,0.242576393882
7310089,3.47111701902,0.557296180482
7312772,6.34292270174,0.257699375628
7364868,2.99525195915,0.460158731134
7381638,3.97661735565,0.30911661547
7464048,5.01054039529,0.265629433187
7483838,6.92135493991,0.328563336569
7512735,5.12694685411,0.322510742324
7512775,5.32576587629,0.294478272495
7550910,3.24944518548,0.199228041819
7560475,4.4361016946,0.163556989948
7627056,3.91453036443,0.992964295245
7689256,3.98890396946,0.614772098705
7711285,3.02050117848,0.385041532317
7785536,4.12107308165,0.420065020616
7805020,3.02463399056,0.391153849473
7911816,9.59726437309,0.324100069098
7930361,3.82989958084,0.209882444538
8056979,3.95926805262,0.305402714021
8146628,5.33467785996,0.436156839083
8198259,4.61404128039,0.378866025205
8383041,4.31585291845,0.214843597256
8427624,5.48207086325,0.305988721886
8476473,3.60928272397,0.412405966701
8561462,4.86607800712,0.539085357549
8577245,9.08984364426,0.0693819219527
8602702,5.40993385623,0.199324224809
8727043,4.09993128042,0.379302804198
8769352,2.77553173458,0.330184570824
8803729,6.45341315561,425.286043148
8843338,3.58403466953,0.0775482185902
9183851,6.87264186979,0.386839422087
9210589,5.76420695659,0.131122124059
9240224,3.75698737156,0.729386651653
9263357,3.75064532131,0.651367326152
9316740,6.95795382569,0.553458366994
9337823,3.22424534943,0.239550997422
9467509,9.90352056029,0.320578274282
9679645,5.71729343756,0.633327466214
9683805,4.5310431332,0.255981933617
9730644,8.33462921753,0.154704799221
9815437,3.73620691661,0.194867884356
9839433,4.26259869444,0.255227115689
9858227,4.29603526527,0.106221275409
9873656,3.33812646455,0.296807869707
9908199,5.16840820188,0.184722356711
10120851,6.4173223247,0.230802610499
10236042,3.67947265095,0.112728414552
10249320,9.94505859069,0.344530287148
10343540,4.04207077466,0.292408353524
10366036,4.34107187694,0.319076465064
10401079,7.34010252325,0.391850274545
10421774,6.59484830427,0.324574904361
10509087,5.15547876192,0.0698574193552
10537177,3.23753679798,0.374211508714
10803573,5.15580298589,0.251393243602
10819374,6.76178853396,0.302908787396
10934602,4.00053029672,0.0982366883281
10960141,5.20462584358,0.225431271662
11087186,3.02066875407,0.378285986837
11160105,6.435030807,0.22048550848
11218868,3.88723398645,0.335609406809
11284955,5.11808850249,0.192339134477
11535014,9.97735790281,0.426393922467
11697012,5.40339378694,0.625938609505
11840166,3.77935848835,0.299758597973
11912866,9.8934384161,0.34534742881
11914968,5.81438929383,0.0887843674812
11917143,4.51981373558,0.218638277387
11943258,3.71500499567,0.427591328915
11981863,6.42138954431,0.36642519884
12022536,7.61367664404,0.247181598487
12147053,3.78123438389,0.203318658968
12159099,3.64920108874,0.323830490117
12185393,7.79394656539,0.26919895293
12483253,5.43215058797,0.260676308407
12613808,6.1529733397,0.191093731657
12638340,3.72031951906,0.091317364107
12666732,3.1647659901,0.339317475501
12694304,4.22731791593,0.287175540639
12815824,3.11107706842,0.312489385144
12830725,3.59100979611,0.349272819701
12835850,6.19473199479,0.0769749118566
12995182,9.07894151103,0.132889134528
13043842,5.9881770935,0.11851233424
13243840,4.64253856017,0.287837526561
13288764,6.44388297641,0.360394827874
13457941,3.96007945121,0.467191743902
13461510,3.46879985149,0.150430733128
13470537,5.19124427011,0.323039333027
13595580,4.2583056536,0.255710724922
13619009,4.72839838942,0.308932008801
13665079,4.27747121295,0.240794823538
13719769,5.34381596875,0.312815672891
13850906,5.61216887027,0.217417739964
13895118,3.41690257509,0.382514412024
13981035,8.75528178407,0.233076891391
14034195,3.92673551222,0.40040107884
14193352,9.83293605226,0.0254575930796
14219599,3.42304766961,0.244475109437
14379202,3.08959867794,0.243907781822
14404309,3.41299641813,0.374392619841
14624104,3.81187772346,0.376677516858
14650534,6.06089937575,0.674508169066
14691393,7.42570603156,0.335597769351
14739524,3.3503776989,0.251680196204
14855523,8.47041712435,0.0760701753334
14958598,8.50717513754,0.250596026039
14962316,6.95636018846,0.300437759371
14979611,6.03381498335,0.0708955108045
15072535,6.29326326582,0.400683217612
15394758,4.12610338172,0.215909475135
15444354,4.71375541986,0.212094776135
15541983,7.45801563123,0.415585327491
15603210,3.91450522752,0.980258342429
15727305,4.99916092744,0.225427559257
15751675,4.23193681205,0.571209011792
15795242,6.62096252876,0.361622109128
15797803,5.38227861071,0.0984510073341
15858721,3.69333779463,0.547817493446
15980885,5.16313194775,0.388543031295
16081303,3.06720902488,0.227163335071
16303031,4.6812245748,0.394488112596
16390872,8.70888381647,0.763744317777
16427062,8.43003197986,0.281684995584
16464556,7.01206165201,0.267977197263
16477535,3.91469949666,0.983343166763
16504681,9.07074934056,0.351868994974
16576079,4.01449795306,0.22553698117
16651214,7.77888006146,0.584422060253
16763588,3.40716565253,0.296977697301
16907701,5.38046872653,0.462813503078
17010401,4.93134877419,0.39383166246
17011351,5.62170015915,0.358217489861
17071074,7.46367152413,0.0540083896941
17120627,4.47449551096,0.276196695997
17189292,4.54983629752,0.509115732949
17256338,5.72863476136,0.496005035332
17357163,5.13208284915,0.332741736864
17369404,5.92323906354,0.759483125655
17397053,3.64406268293,0.363865160979
17499149,4.4535468157,0.428645105666
17537874,9.37204577622,0.403082094068
17568125,3.79888459945,0.35056489154
17596103,2.21029048698,0.381014098516
17600115,8.11265916856,0.170316842641
17604953,5.36421495245,0.450487232965
17787345,3.51794799174,0.720244646001
17920072,4.73050550276,0.306551119358
17934513,3.85239564473,0.200262147925
17961961,7.49712804885,0.376909158224
17991828,6.97577940529,0.429226718111
18211253,4.98031508308,0.349204906149
18217408,4.66458192476,0.250796185442
18269097,4.35985389088,0.206167993647
18396245,5.06442292885,0.143444186748
18396718,6.18142342941,0.198143288835
18435121,7.14652837265,0.269517622223
18471718,3.63531933841,0.114424475608
18526162,3.35791366363,0.346512068316
18568946,9.76470441405,0.344720213106
18648923,5.50450614513,0.17032756272
18749173,7.53077625882,0.21195557486
18805673,6.922318033,0.41291613904
18855490,5.54798357045,0.213665817733
19065476,7.33576879085,0.132290376333
19397910,6.05431561253,0.363251787542
19582731,9.61728741448,0.342995550188
19665529,3.38500811585,0.353733992021
19848494,4.0846990626,0.164908240747
19887645,4.77982403745,0.40604701721
20051340,3.05399193131,0.460757244103
20099667,5.7212715251,0.682918681707
20137530,3.071826342,0.129276059432
20146105,9.61895383925,0.111721492177
20202637,6.4161867235,0.35449011872
20222869,5.46537978625,0.148423794574
20228090,3.61592808838,0.121796777006
20234539,8.4756941703,0.362741951439
20578786,4.69804073031,0.199298196447
20606090,4.98032605922,0.295627995728
20615291,7.32936613142,0.253794532388
20630488,5.82932997624,0.264698729057
20639413,5.25380620165,0.437280589618
20842318,4.15904633334,0.214365097931
20882616,3.89701485154,0.311519445175
20968573,5.69380756996,0.202233944731
21018948,6.12019430672,0.175417510181
21245651,7.84471566015,0.221264533667
21263072,4.0608053807,0.251586693016
21468856,3.44470825708,0.37061731257
21513930,4.03303039136,0.247877670029
21585678,3.37287715461,0.0917148424671
21640883,3.99021740184,0.425517196502
21681904,6.81968919488,0.139337923208
21687853,5.68342603107,0.266607101808
22030435,8.76547953762,0.0775318039048
22038268,3.09393490843,0.193283134115
22066317,5.23908015179,0.158111574529
22123701,9.91526592488,0.533159713563
22148842,9.51769180034,0.295063355273
22217079,4.91086851734,0.362829638944
22355344,3.6324322943,0.984472254251
22355778,8.47958483345,0.435135199696
22395287,9.57437208643,0.385747370077
22409200,8.88892579987,0.129773756229
22517359,5.32742824139,0.0797277384168
22591096,7.76711306768,0.385771860143
22709656,8.91470841374,0.414169430135
22738032,4.89167959128,0.367246819394
22813375,7.09919961634,0.423284976522
22837565,2.29419540209,0.215361290585
22844503,5.15823448312,0.306309675575
22942317,4.01234506663,0.538611362448
23039398,3.77534069001,0.412689413758
23068227,5.99629236246,0.215889606972
23106151,7.20283945072,0.12654642921
23304584,7.25865526967,0.164571966393
23375116,6.99063295595,0.42027648942
23443064,5.35567758387,0.280471810661
23564112,4.92796093929,0.316785328737
23606025,4.52479969757,0.448603841455
23687970,9.90270081619,0.359640476306
23800471,6.77079572306,0.187860619076
23864604,8.9302703774,0.123961244769
23942408,3.28549483802,0.300265919469
23962848,8.93169961861,0.425218203133
23976241,8.83231985815,0.418729295762
24063531,5.57602789135,0.192715506622
24105587,6.21991324757,0.549713000484
24271581,3.95554045161,0.313480820773
24308102,7.30882384024,0.163942983244
24387059,3.76408337696,0.0755763442537
24408486,4.27759981848,0.227375348156
24416988,5.89408135363,0.113116506427
24499337,4.73310690644,0.353540359986
24531840,3.44313618646,0.180262304812
24719653,3.00717907153,0.172370502299
24779747,7.89702593861,0.290624016511
24894879,3.66086944703,0.472600933286
24939880,4.65931736113,0.430373082502
24960613,5.47855483206,0.179841337814
25094602,4.62512504586,0.236221513608
25307100,4.2756223015,0.404483297355
25351681,4.16731485243,0.464719230603
25517472,5.21752324477,0.276444366265
25656040,9.83602335577,0.0373357564444
25793380,4.20850604695,0.405350803444
25796793,5.91007017667,0.508006722061
25911646,5.68900428996,0.41452926025
25959392,4.64591759163,0.324834808417
26055012,6.59080926259,0.165852152875
26076496,5.29905365244,0.495146409329
26082555,9.06954725964,0.221626720616
26264757,7.12403441657,0.578141865138
26382287,4.99462579365,0.34836235083
26463927,4.76554681565,0.308535994752
26686114,2.99970783717,0.155019948326
26714405,4.38957143758,0.674308797162
26769312,4.67964769481,0.318278026764
26808295,9.25626060271,0.43061936373
26985953,3.27962256652,0.225921702061
27045293,3.07090538145,0.271613853196
27062714,3.09595715262,0.248198767742
27104094,8.16791147846,0.470123845028
27214925,6.14761099489,0.431719465748
27222589,8.34595976756,0.40869671954
27418086,9.28182384975,0.300803917782
27423771,5.40321923378,0.230028773102
27489433,3.05197834515,0.285793680903
27635345,9.06421897678,0.271837835521
27893568,3.08443571268,0.0529082506658
27924241,6.2810675903,0.233014323129
28006884,7.06291003553,0.314175698797
28007244,4.19952508163,0.284646670119
28132311,5.62593353019,0.324854627742
28238969,9.54708510852,0.220861759573
28334351,6.77814659861,0.107542210541
28381358,5.30270466884,0.224128487203
28499486,9.44997181863,0.2159336155
28532408,6.91114187448,0.252770727714
28571862,4.68891476857,0.384792253367
28616032,7.01373504381,0.234064340506
28883392,8.54731634632,0.435603094859
28919347,7.62926321766,0.391595740199
28920225,3.49953626985,0.135206588196
28928626,8.29173665335,0.0856855876855
28931793,7.06734214465,0.390195603784
29011171,5.76618227583,0.343801257006
29042961,5.54134912846,0.50715642929
29101600,7.22199749863,0.213090187969
29252985,4.41042244841,0.478530764821
29308415,4.29249119772,0.41112736492
29330683,5.67544409436,0.381242998436
29331377,3.17458572811,0.335887467518
29356260,7.7769728472,0.350480801047
29361009,3.08420202334,0.424217273323
29363058,6.04706624532,0.0603340928638
29416728,4.43274766151,0.265073082685
29465049,6.0787247603,0.39228044025
29487870,4.92405812823,0.428729070541
29518677,5.5033974317,0.458611649038
29557097,3.7709830803,0.225549386024
29580219,4.90658199953,0.679385982833
29626182,4.75645406702,0.244656252613
29654243,3.6604420274,0.194400093404
29676720,4.57920235831,0.129539084016
29838870,9.58599320986,0.468975608605
29902908,5.77244277912,0.205587538436
30092260,3.56540684489,0.269324520437
30106902,4.46298431163,0.573998391146
30119114,5.6761637951,0.346295621967
30210862,8.5180233117,0.44053763656
30328471,3.04762106872,0.271586056445
30414766,4.21051481482,0.406444381956
30417758,6.7069882924,0.406590529578
30460636,6.69392477147,0.30041932058
30506386,8.37768830131,0.477870690875
30579629,3.98440603216,0.313067134486
30606045,5.28100101858,0.2639232173
30620888,3.81134275677,0.240599581911
30776756,4.39156739201,0.339269375412
30978418,3.91242438359,0.365188371287
31045582,3.91468369987,0.982628948868
31090093,4.51663849772,0.494174229856
31171384,5.06711569446,0.553655139848
31294384,4.20766979633,0.362220589797
31322805,3.51556820467,0.341635935154
31387343,4.4251991887,0.411245878511
31732480,3.23572336564,0.403495004118
31866026,4.47065972056,0.315617425312
32014077,5.44587353833,0.325898592478
32022852,6.58987773734,0.06091724694
32159308,5.04715939153,0.344704535211
32211456,6.16943122658,0.327307550663
32229396,4.11650027466,0.50741914855
32325962,3.21284619994,0.247227827493
32454888,6.11517258468,0.275584225585
32555628,2.06787569908,0.430280880463
32908557,4.1218550897,0.320739928281
32957208,8.17464510318,0.233963573144
33015212,5.32458866897,0.172166497512
33023998,3.616526421,0.176502082056
33061874,4.20469446799,0.344109713644
33111509,4.18587484002,0.100889745618
33173185,2.98958092911,0.822890099783
33240187,7.04298874554,0.208455133265
33627375,4.27423073985,0.549392237461
33754302,5.79551033327,0.481142600406
33834663,7.73413207522,0.44467522511
33843890,5.42539324951,0.110073303722
33971518,3.64836506531,0.219661194036
34001553,8.60032236798,0.332583983973
34161124,3.73035040777,0.169590307774
34242583,4.69906030091,0.209607211358
34346376,5.21457916513,0.30192522576
34401716,3.19019000749,0.0816913348287
34531358,3.13736091515,0.439767869323
34548484,4.25722705283,0.221675332304
34660019,4.8532671798,0.779846742263
34858934,6.21207600767,0.276334186723
34866353,3.51675162238,0.419293733373
34975830,2.11708909875,0.241449435619
34976571,9.37084151065,0.243141024965
34991896,5.27361268844,0.362997295847
35005260,4.42556284846,0.161981528559
35114427,3.2818535837,0.115236801442
35160935,6.51458590372,0.362217597434
35193977,3.67964041883,0.0735885170955
35268410,9.4783724386,0.23883551128
35337692,8.28170333634,0.362885538668
35463750,7.83599763323,0.318062504383
35689739,3.65330467254,0.479574170947
35879236,3.11222162703,0.510663540001
35919137,4.45243442902,0.252854878899
36068390,8.5545924917,0.438306896273
36159787,4.0484356746,0.37596295087
36170782,4.67956988651,0.600757229679
36296411,3.59132660784,0.449321825956
36356702,6.53555415423,0.308278677855
36405978,4.48508421686,0.48116326408
36420637,9.23220192422,0.186227931569
36420864,4.13412875097,0.138882939557
36472855,9.76646745431,0.250873832307
36498915,7.31860606662,0.22337446841
36512644,5.84993389465,0.763634351568
36551205,4.01479206674,0.153799811171
36577183,4.46676996188,0.391934620313
36689698,4.90541041724,0.131431015619
36739565,9.32949293573,0.0979770574089
36938257,4.44949181184,0.295273702717
37032540,8.13121826142,0.325645867986
37082662,4.9211510076,0.188681876819
37211420,4.94688625646,0.246125039303
37465168,3.86164402933,0.6673747399
37522704,3.60731483099,0.589154312559
37593908,9.57818631247,0.380190823884
37663127,5.96759414007,0.0580545201236
37768852,5.84432768792,0.586864117007
37829244,9.63892131233,0.316318196411
37830666,7.51617342051,0.161023349818
37838502,4.35018456943,0.339393479165
37856107,6.4138621488,0.349371892973
37956124,4.6522429093,0.406929511305
37963632,4.28593481211,0.568184947174
37971930,6.21690189498,0.313644598287
38013358,7.28223166107,0.646994397739
38054020,7.52924394078,0.627668642665
38092995,5.15698114313,0.249453305124
38132867,6.29486119268,0.473275665044
38356216,4.18022613818,0.413758945772
38377983,4.80915925629,0.175922008355
38380125,7.02237781932,0.425954687873
38396509,6.40830122481,0.220608272304
38396910,5.80968472007,0.312443148367
38491460,4.71861386227,0.240276250119
38528320,6.22216701487,0.231981746548
38544381,4.25658647821,0.290527395993
38550607,4.14236322331,0.327818168529
38573605,4.04446951595,0.316310516732
38591698,6.87778602344,0.496396626462
38646442,4.70269579624,0.484718517372
38652935,6.45088819497,0.538746252325
38775504,3.46087012228,0.480154947646
38785688,9.72941630822,0.0645949691563
38987648,6.79031768006,0.0159050883062
39147935,3.09577604169,0.218775555945
39194128,5.88622823399,0.248589753965
39233485,5.62659014159,0.0912285271252
39274347,9.07715331061,0.301280290217
39331296,2.90646258475,0.68144808863
39511222,3.5428041835,0.300640760076
39598576,9.2387222491,0.0405510923076
39834726,4.56639198619,0.204097482938
39875262,9.19169936635,0.216880204847
39894363,3.06822769766,0.331639573679
40027350,6.05466839428,0.458028648688
40057040,5.97801827609,0.143081830286
40086312,4.47858134526,0.484116368684
40308439,7.88028868408,0.256991775108
40373475,8.18133895149,0.332556106881
40408927,7.21860203621,0.102193810817
40426358,3.66205086438,0.236778259496
40623458,4.77906824639,0.253236124056
40644715,7.07942769745,0.285085987764
40649392,7.08722310803,0.181971713421
40718728,9.89038617727,0.434129082723
40838478,4.36494894851,0.272338200962
40938993,5.31194624033,0.0609518747892
40940160,9.23235369877,0.142181216399
40964628,5.09101025356,0.223969182535
41033322,8.82708754033,0.292920613693
41089631,4.27152381376,0.425021989966
41149470,5.15732706459,0.527056843512
41150627,3.82887145324,0.554289281092
41179699,9.83837358894,0.189108824688
41284720,6.43028903763,0.461353658872
41322940,4.63220720506,0.224426396459
41379913,9.83878360766,0.624610332151
41388767,5.89355466243,0.763498246633
41395251,6.57496236331,0.289336586182
41498244,9.57711071273,0.403866889781
41504014,5.62858228437,0.295281289217
41562706,2.8740046759,0.229892991745
41570932,3.60158075711,0.325735758783
41817937,5.02181717321,0.202368690131
41832206,4.41296382388,0.107628260055
41847737,4.26318321678,0.226771078514
41874247,9.4848732945,0.326437578116
42082198,3.56336842903,0.245653492871
42146292,6.92583818555,0.260281727483
42157427,5.87871580566,0.502101184857
42258259,5.66583133228,0.46566856794
42281906,3.87161096003,0.281394212075
42361501,4.36169775742,0.181664945737
42364797,4.05982771987,0.461274271313
42366062,7.33086119404,0.897143360933
42397369,3.8786691244,0.497696277257
42483144,8.12493275351,0.458119288093
42606035,4.43059253874,0.0920116426764
42638097,4.18621047985,0.22068147186
42902885,9.11935460914,0.301622962223
42946671,5.32318271341,0.375405004773
43055963,6.55327166284,0.233420945203
43074821,5.31157812591,0.0250979612279
43088055,5.21095064628,0.672703804866
43188456,6.56142266748,0.17588779205
43225578,4.83996425352,0.182549858443
43299034,5.18000350782,0.241106387903
43345841,4.45653540022,0.41896562379
43392755,4.23446163035,0.274126499284
43434496,7.44856167139,0.319866432283
43479814,3.9429263586,0.402850334261
43537711,4.26390422209,0.262242462126
43541597,7.16086903557,0.287219744321
43574287,6.09536704433,0.234619016577
43637846,9.68309189405,0.329374586654
43694559,8.72690179401,0.564238458356
43787700,4.42611114554,0.170380253591
43858979,7.257816529,0.366271918646
43871241,5.10295056291,0.228029108448
44097283,3.55600577819,0.216100925994
44277346,5.98928341297,0.284978839008
44283864,7.54537985258,0.703057671293
44307163,4.47071793722,0.538540548127
44467188,9.08866892929,0.436768422231
44512987,3.00045525204,0.58181938412
44544601,5.39476228196,0.375628119716
44548778,8.70529076057,0.540389704375
44637346,5.44812334105,0.432418367469
44815772,4.68220339347,0.180285261809
44859184,8.20929907399,0.315676999757
44903772,5.37335307204,0.2649361519
44980234,5.40262562263,0.247770767403
45015918,5.95703547053,0.196627541895
45033962,5.761437062,0.336125134502
45225317,3.28787336042,0.183919330157
45274699,7.47195857551,0.0663669626745
45308850,4.57936077707,0.423922099198
45516859,9.45939928031,0.539660514588
45627377,3.78125341458,0.383928370031
45984731,3.23863367694,0.29479252047
45991497,4.26219860549,0.45414797311
46163930,5.190848311,0.336449103361
46593866,8.80778100286,0.0989488470186
46595962,4.03816710657,0.29687138979
46609480,4.62739745196,0.274482989401
46672673,3.8243200706,0.257411050588
46712934,3.29489047204,0.339943366875
46757795,7.92606205104,0.166599170799
46893132,3.02925373528,0.419798740407
46962483,9.48304022055,0.233842779796
47021607,3.26246951391,0.174343488496
47059337,4.93127070669,0.23505839695
47098836,3.3573549798,0.121074507816
47115494,8.34103148897,0.0640426583234
47123160,7.59226373279,0.356344299891
47235882,8.53328526532,0.25993709268
47348026,3.37745890783,0.455623796824
47356721,3.19284100334,0.635919993934
47509767,5.3833291347,0.368339188301
47608756,3.19791086396,0.27847068687
47747067,6.42158435061,0.136069243529
47767011,5.12612231876,0.370306832634
47784490,6.54668987063,0.791987813299
47786389,6.80583695167,0.486867071697
47805963,8.5489105544,0.467382396967
47844589,3.23303739721,0.245037225842
47958757,3.83808829731,0.249567820642
47998087,6.91566242939,0.26108086541
48255990,5.0035999584,0.186173542547
48405492,5.55192079631,0.379474838297
48407508,5.47917697403,0.702047253841
48447688,2.24814146085,0.497710837337
48459874,5.02432316909,0.287931095472
48521320,5.2831440614,0.213449785716
48543817,9.16006306136,0.342220029985
48625068,4.97747053736,0.529764021262
48677406,5.17830362285,0.431440564825
48725835,4.18868405672,0.208567191754
48837773,3.35718700464,0.183590174536
48839513,4.65912510759,0.299499851593
49195651,5.12236107004,0.386873661713
49207610,4.23044075191,0.386080572838
49308793,6.68076868459,0.0801980657791
49328817,3.0560688935,0.1822295297
49374525,3.58572074443,0.421686256825
49589687,3.03010772514,0.447539536005
49611669,6.6478667739,0.133846849955
49620169,4.58414444721,0.24059687108
49626003,3.71089380093,0.408443404248
49686525,9.8103803356,0.431045387446
49748338,3.91437793229,0.986067713244
49766404,8.65511917662,0.222238403124
49816903,6.17149275238,0.266807527497
49875529,3.04707794929,0.219271801947
49950170,4.64136277674,0.200819097201
50089586,6.8347864141,0.461137880014
50120717,8.94686824216,0.238179961844
50136410,4.73798790122,0.318823968113
50198556,6.27782202173,0.235243292021
50218120,7.99028466186,0.314601103993
50423372,5.99107607906,0.389219572094
50429346,9.09874040072,0.238760445175
50926314,4.99751280587,0.124545489069
51055844,7.53298521044,0.0854699461456
51106790,5.51896539928,0.295274855983
51416033,6.12893054711,0.202975958768
51492407,4.161514078,0.325097723163
51494983,3.09985334997,0.313471137808
51729401,4.80461645625,0.0196987578389
51740129,4.76682661389,0.397550911482
51833345,6.666685474,0.508732700513
51964042,6.49691993281,0.231948412506
52043583,3.64091999992,0.348188796454
52118002,8.13032400413,0.267208570006
52166547,3.68546282788,0.0926795845765
52175350,4.05282442398,0.603584224602
52320160,6.20226895013,0.143398456101
52383458,4.51104542001,0.145663545775
52422308,9.30401820235,0.650938169963
52482475,3.82978050723,0.0669587991589
52490970,3.53142720747,0.0766253251023
52594876,3.44613384368,0.409765908762
52616603,7.62469162911,0.321634030312
52643613,9.29591034765,0.164591218935
52878431,3.7992380185,68.970292304
53004638,4.67719653129,0.256690429586
53070942,3.40922110384,0.314448898758
53143281,3.67401050416,0.828849647044
53325888,5.36359771014,0.275736874484
53389262,3.62418843535,0.237087480042
53484764,3.34176479167,0.347182441126
53533088,9.86581204813,0.577985689086
53533366,9.8687888037,0.361920317756
53618523,5.0211967575,0.183530049687
53655507,7.35759313974,0.50403956893
53673297,4.11966824286,0.418262109912
53691649,4.66237495192,0.632205390626
53735388,3.04875194982,0.342824343944
53856704,6.08011843938,0.420026399441
53970407,4.10481166164,0.225665014063
54026126,4.04283081904,0.292818819307
54045253,8.99702706182,0.580437784795
54049366,5.71999957556,0.109311349586
54205468,5.84098335782,0.230164002194
54230532,5.76767329865,0.269859926468
54315699,3.52894358003,0.46841862895
54391376,4.45901466479,0.493462538041
54644468,5.44678275398,0.309304856055
54659129,5.48584652647,0.419773813717
54679871,7.23791961055,0.0919568485813
54732090,3.15070834117,0.371415308109
54883621,4.79165818625,0.369834413825
54893461,7.59663018253,0.165142736235
54923873,7.19242833737,0.277523897109
54935411,5.34483646412,0.15606789713
55022270,4.38998171652,0.420407563851
55182054,4.65089768717,0.426206284607
55362214,8.842885991,0.222261419962
55417986,5.68426658294,0.447116898697
55427870,9.44296421353,0.098215525737
55437028,3.14931225619,0.256420064747
55439147,2.99170677724,0.0959239984883
55555899,4.0540494723,0.276459043483
55614977,8.74338833572,0.228149137485
55629842,3.10854083894,0.657433506975
55659088,5.57082785552,0.355315855957
55669336,9.91507750765,0.100304213668
55722278,8.22168236054,0.328084292976
55823003,4.13592794366,0.500089911657
55828424,3.91280873706,0.317999677079
55931738,6.00938563933,0.251806335624
56021724,5.3449772428,0.269515541728
56148192,9.53136946396,0.275431795876
56173869,4.814033114,0.343176830908
56287702,4.36421761565,0.328887266484
56320877,4.47728380728,0.464518059717
56404734,3.28430755741,0.18721242536
56430809,9.59247093134,0.251513234368
56476499,3.87977716559,0.127858519982
56539682,9.11362877241,0.365968003006
56567051,4.69688404019,0.291196420904
56584102,6.68121480261,0.154361115182
56611590,5.45092111396,0.0744667066246
56635330,7.56456223392,0.233580150008
56651915,4.31213724018,0.273320337676
56675654,6.9975362355,0.590043761854
56689404,7.39320922173,0.346361863983
56818916,10.0224778099,0.293092336915
56826212,4.49393166058,0.18603584048
56901403,3.0841445948,0.173360350824
56907685,7.59637106771,0.198211134483
56949500,3.95729332665,0.371250986962
57029417,7.05532615276,0.229066296244
57058720,4.59082398893,0.320690150786
57079255,3.16234585024,0.0695253496313
57295742,5.6219229621,0.219255939161
57511950,3.95021618112,0.933699127405
57563181,3.95724187621,0.64047132795
57610855,6.41046704238,0.49455815597
57679220,5.3803090803,0.501977001408
57796596,5.26554658091,0.197335893391
57813649,7.09065176673,0.343325521005
57820454,4.29394679721,0.409649782462
57823957,3.8947491243,0.0832756801723
57833763,3.31778178213,0.227544162197
57922414,6.99169016687,0.136539168301
57958087,6.50114694454,0.632943850095
58069721,3.25268830512,0.449037869889
58112745,6.50373744922,0.240429235368
58143636,4.87058216354,0.600123049081
58144494,3.49925932395,0.501490058279
58176382,7.143618037,0.333134906091
58341051,8.01892594056,0.382686256039
58469213,6.05721755466,0.394047911074
58514166,5.21281560898,0.672181843416
58532100,4.10557057742,0.276897637364
58557115,4.6725578958,0.200028330778
58660846,3.61018554588,0.354621068317
58727845,4.48735530765,0.30855468612
58917019,5.73229108988,0.199049134708
59105467,7.00386249594,0.20367383351
59194660,4.66291523752,0.106794848624
59214874,8.59197446061,0.143184443247
59585378,7.53677877791,0.542659901117
59590565,4.4817337204,0.514979846228
59753617,6.87905213995,0.100879438115
59772940,4.35638484379,0.315802666184
59811952,4.29419812876,0.299108038217
59822050,5.84141558732,0.663475880749
59889755,5.12600471754,0.22396699773
59948995,9.5492065491,0.548090174812
60075299,3.60774218857,0.299726091732
60107783,6.74024387776,0.32416556295
60222264,9.54462555747,0.633705865761
60447309,6.44459739042,0.338881566911
60472968,6.2598955382,0.358843490041
60478784,4.43959632509,0.252511845077
60591506,7.73565375373,0.202562370089
60838659,8.97836502059,0.452561318842
60911377,3.07239597811,0.564365368348
61014746,4.60209096033,0.221029595506
61253488,7.39320282929,0.211498461688
61364657,8.8914355984,0.134581507829
61444402,8.86519637968,0.258710351801
61510669,6.52259701471,0.16772869135
61541235,5.48182901733,0.732411625725
61665356,4.22748413963,0.234896238834
61668962,6.27781037301,0.477484187406
61749689,5.04506833577,0.230358325608
61755703,3.91448867911,0.97163635402
61898932,4.90657304533,0.239228382876
61994170,8.04176332251,0.163577682946
62002025,7.09915747934,0.230875105718
62050723,4.72784875422,0.246500219301
62230846,4.38674465757,0.0721083069849
62243748,7.39117279069,0.594965172789
62286040,7.36804616893,0.390463060679
62384349,4.55984653387,0.283046802365
62388395,7.5950108906,0.456632157917
62428500,5.64789577297,0.397598343773
62490771,4.44147789348,0.417607326252
62517295,4.46906383336,0.233886960777
62533533,2.90132283692,0.129210724631
62590415,8.96365659709,0.380817035025
62637127,5.51822833708,0.2933499245
62662302,9.04313267325,0.105900053449
62698558,7.1864302635,0.153278667472
62707994,7.61915636114,0.588009125789
62787418,6.55947724199,0.176481854393
62873669,3.51241015637,0.297977362498
63003617,4.55283771557,0.492180519217
63031382,5.6002762402,0.203565228367
63039137,3.51224577401,0.24138730747
63039242,3.18899002009,0.463640293888
63176254,4.02544383555,0.26288301387
63210303,9.56550464379,0.487996051962
63333778,4.15084575193,0.513586976545
63356130,3.48887564382,0.197252835126
63427111,3.80622846761,0.318082780456
63480468,7.2762288369,0.165546334304
63537739,9.9197641211,0.204228209954
63546596,4.6182150517,0.207173675591
63663374,5.34001812931,0.292302993766
63664965,7.23801890919,0.31720849654
63782346,6.70144070698,0.22678792605
63852414,4.62273744646,0.262511565789
64052879,3.44932698643,0.481110996472
64054152,5.61875800012,0.296776493225
64218010,4.71926747533,0.215834192448
64226016,7.59469835173,0.445163440474
64236746,6.27173148849,0.378794544685
64264583,9.5713109836,0.163828455826
64571603,7.2294748814,0.294314821473
64576696,5.99623868633,0.352942078291
64603541,7.6157439461,0.408561451437
64772601,6.03865003636,0.639495547409
64802521,7.30096831426,0.226598322855
65015360,3.78542589775,0.296322207064
65066719,5.34737498773,0.199460816787
65379674,4.52253361496,0.285792573254
65479023,7.23770053284,0.401703014014
65649711,9.39808310047,0.11751216789
65725461,9.72796543769,0.11125708258
65788059,4.34466539754,0.316469938155
65825482,4.51050847648,0.139815582983
65925566,6.57958892845,0.15483650602
66112663,6.69249097103,0.826982962112
66244110,4.1660453523,0.462877795277
66412906,4.94203079443,0.216332315069
66433307,3.30346735137,0.234119115833
66443977,3.06968359122,0.189015876937
66581923,4.24694847308,0.266417813767
66586389,3.0254599854,0.525297455316
66617032,7.19171302134,0.167375162359
66626509,6.27661263917,0.33834024844
66668643,7.94048515601,0.54637449617
66730006,6.65426523134,0.315109128583
66734415,6.76168482959,0.207869413275
66743070,3.69871718523,0.292709554863
66756466,9.20917754295,0.271154897708
66771619,5.76503953096,0.813335546679
66812546,6.09607597498,0.317499365937
66837274,7.80042144487,0.231222683896
67089327,5.14427168233,0.286447390935
67114897,7.11306013076,0.276428737398
67117970,5.21178237677,0.562232933107
67131527,4.21279995071,0.518438866493
67131787,8.57600814271,0.511561499142
67240874,4.5990114434,0.394602429261
67256001,4.26807155824,0.277031751472
67279967,8.85639224038,0.241810586998
67316212,3.91116554001,0.186380400272
67342144,8.5332535663,0.317552036393
67391295,2.39341423987,0.620649736259
67410269,4.4659874299,0.352661313781
67486956,9.75421484811,0.130385434859
67582612,4.93006715009,0.176541620072
67616019,4.87185756083,0.193099946051
67679513,7.00643406641,0.119602038426
67726657,7.64677732629,0.476547964148
67742303,3.06530448345,0.249136883793
67852731,3.0682792373,0.413875798008
68359156,5.55916918873,0.244436512058
68423835,5.15487433204,0.248309958178
68475316,3.45002217785,0.655155195058
68520877,6.06030668249,0.8079868126
68699474,3.87166732172,0.189848592518
68759044,2.58944615092,0.456924351158
68857003,5.83028638112,0.242659754622
68994275,9.78164249936,0.588527270599
68996599,5.43882184992,0.19127769069
69073595,9.36249637058,0.55265985646
69114184,4.22972249618,0.530905696848
69202687,6.71079130628,0.235860166382
69335112,4.48629521577,0.348793536691
69458421,4.54171765646,0.653502541998
69542885,3.51514500466,0.258662705862
69629671,7.99591245511,0.191765776645
69720208,8.56374709844,0.148055125274
69818046,5.05618555922,0.36865420458
70002281,2.66336145419,0.0623732145425
70078582,3.51678485725,0.235805959832
70143431,4.3857163804,0.433483461897
70215883,4.7780111074,0.178416627795
70351780,5.126759031,0.247159612239
70603566,4.58102060463,0.29773275264
70672645,7.42413274506,0.157778718596
70702402,5.29159770047,0.435536296343
70757696,4.15573696379,0.41357388775
70764218,4.86633103575,0.535078050539
70799594,3.26333497068,0.161724447308
70819205,4.26570346301,0.490129932399
70890576,9.5079845269,0.37382898766
70906832,3.3796821173,0.714246202723
70947093,4.29607032221,0.23673711015
70972197,7.23640381782,0.289162463142
70988624,4.0815433739,0.151492706405
71084419,7.85672582755,0.0632798775214
71104805,4.08578989779,0.225494130632
71126328,6.86063377529,0.480377155734
71154324,4.86776118601,0.398779788511
71188760,8.11870665999,0.413475613644
71274152,6.99283088328,0.295857739537
71306733,7.6410188755,0.170389647169
71459665,3.37016260498,0.45404481415
71496808,4.24844953124,0.258672036106
71765133,3.77639937919,0.241847332286
71819477,4.30208062209,0.311016650801
71878650,6.47643197583,0.10273184378
71996356,7.35729283274,0.0700351255577
72049251,3.45293675761,0.308467845523
72058012,6.30081683772,0.518689183594
72065768,4.87472568423,0.315233222753
72074395,3.10580272728,0.199166027783
72074915,7.23279940521,0.196885746989
72123526,5.65046142113,0.27557811692
72242636,3.19784408633,0.322158258582
72255258,5.22090134257,0.423229534483
72262779,2.99288424317,0.372198408996
72273047,6.13061073755,0.209865815565
72391044,5.4382132719,0.462239198586
72796451,3.02847026222,0.254181209693
72803727,7.14127993403,0.305835711533
72982944,4.1276774694,0.725701187041
73029171,4.12960011742,0.442304084069
73045012,3.78997740371,0.434861553763
73069741,3.1551568048,0.281114749079
73196956,4.1865945396,0.420599545087
73367509,3.41810865301,0.378481261056
73402968,6.54495740235,0.239222918177
73418931,3.64739791038,0.313594954958
73428084,3.95748350906,0.197640795829
73489449,8.72682684733,0.154071537998
73501938,4.80308862978,0.469180444868
73602888,6.27959108882,0.21891291151
73898715,3.47483882468,0.353939315512
73958432,6.29679333684,0.289817656665
74025574,3.0547112062,0.333763332536
74062905,8.48603263272,0.214114086536
74113070,6.26089230216,0.426468603412
74193504,3.91234475483,0.338975504726
74350461,4.13756779174,0.197961030533
74440718,6.00771157534,0.210078909466
74452430,3.35087864128,0.355540570284
74484351,7.11131693451,0.183403458529
74618084,6.38344737648,0.238264562561
74643391,4.47035281547,0.228849671938
74643673,6.11284900307,0.363016119168
74672965,8.42722304895,0.434068567739
74673919,6.99907276911,0.0650049809899
74720745,7.35824761404,0.373122604591
74818669,3.08291199027,0.22828805091
74909063,5.4724300918,0.461909199486
75011768,8.60094920822,0.356152434434
75029278,3.97601005677,0.548384794852
75066687,3.08772829522,0.414988317742
75093083,2.99874963418,0.454296034409
75186008,7.1182503644,0.30486892377
75280162,7.05427096792,0.255915656434
75319011,4.39224970711,0.244098414909
75333688,7.27869755632,0.402330278917
75349007,3.61652874024,0.244798486234
75452771,5.91090105485,0.385247319864
75607816,5.72034572877,0.635579143523
75619815,3.31340541376,0.217035309428
75636757,2.22802551333,0.100447371609
75672971,3.45103645171,0.187956896638
75779181,6.39006097185,0.316788036512
75836092,6.6043645142,0.223700853
75851648,4.97754049772,0.422706831665
75917809,4.72303458865,0.198852033622
75947875,5.71962827749,0.220897061601
75993992,6.76431175981,0.257693251998
76021241,5.63371474057,0.40336246647
76048962,5.00000782673,0.152316521144
76054880,5.64636770589,0.287869323535
76071363,4.3242124322,0.386918956016
76187179,8.48617590312,0.343902682529
76337325,6.31344992673,0.308386683293
76475797,5.06367973284,0.167231153876
76536433,3.87282774437,0.243793207002
76606004,7.09239427411,0.0789159705148
76664408,3.49633329879,0.0851847765266
76865712,4.182058691,0.254563688909
77033002,7.87701837473,3.60271176008
77149421,3.23455407756,0.340491811773
77238630,6.01294143369,0.361601444943
77241833,8.69030993763,0.322267097529
77254179,3.66384585043,0.387340444207
77272356,7.58498305769,0.358599793389
77298174,5.4518743392,0.340027056198
77319274,9.83303993931,0.44140646794
77339532,4.02708937883,0.228111524011
77359158,4.1695134386,0.233475326376
77503441,8.45930164588,0.293202979085
77600088,3.25743490768,0.337980044503
77601822,6.65168392088,0.0911408924007
77704291,4.92452424141,0.294307778512
77841283,8.00218776429,0.137595370286
78137071,3.60425360377,0.468669919438
78199831,6.02550851086,0.113358292606
78209099,9.56830321148,0.325936620869
78240543,3.850422894,0.0399199782851
78242149,6.50246085895,0.059496510739
78256436,4.0587241574,0.221281167917
78291971,3.13484461841,0.371642517
78489392,8.58681118754,0.541503573769
78518429,7.77355343833,0.553803378174
78557680,4.24019643715,0.289061326937
78627577,5.87507889609,0.399936312991
78722347,4.36129744992,0.236432144808
78749431,5.90969082748,0.0195552728525
79035534,9.93078752742,0.537982585221
79148435,3.7137888966,0.128083604815
79213923,3.08057715328,0.172414957286
79258779,5.06410833393,0.0322776819173
79358538,4.83676494664,0.205426128798
79374000,3.7024344799,0.407726317954
79430982,6.29102294005,0.141104875573
79481705,6.65721968963,0.330711211424
79653262,6.34536496188,0.272377404283
79752787,5.67361455066,0.274786157118
79754147,4.08864747659,0.427244505389
79778534,3.68989345283,0.524866131379
79837252,3.19235239096,0.228293148054
79914128,4.42788431247,0.215954629017
79915751,4.37016707958,0.0974253560743
79979417,7.98648078231,0.279375110839
80057609,3.23373750672,0.112421384312
80067866,4.27401628325,0.0724834302783
80156792,4.78937114978,0.516733805145
80301529,4.24036114266,0.370229263945
80321777,3.30132503631,0.263354820172
80445940,6.92921549855,0.260940561819
80509676,3.95038606228,0.967145512299
80554090,5.33424334584,0.255695080915
80569144,3.77529539035,0.0988765638341
80602558,3.62974062651,0.290593976597
80667329,6.36640131089,0.317499019977
80968556,5.18441356853,0.49876262814
81005439,3.4060019897,0.0517248282863
81008012,3.78713039954,0.244493087744
81144750,9.33275402537,0.161457667574
81182137,6.49949199024,0.271233118475
81312618,6.32804931425,0.380301404556
81410514,3.9504670069,0.208763742316
81449512,2.99167868901,0.46711844604
81609295,4.57262948754,0.561791908798
81616086,3.4132134069,0.368200852351
81781801,3.00415042157,0.112381405858
81787666,3.98775488833,0.0806067248801
81833228,6.63801359472,0.189446037541
81888180,9.46724412924,0.275916662358
82065393,3.98610822265,0.364478577694
82246622,3.95641837226,0.282148931406
82372456,3.00007309269,0.174413587143
82376964,3.53386228123,0.296527635165
82391419,6.22469577861,0.37120836691
82401781,4.45797647917,0.397257503203
82447262,4.09939549585,0.130790924392
82549887,4.959001088,0.283214965419
82678948,7.38465599077,0.171967636994
82695182,6.77983199048,0.255777764747
82883089,4.01294284006,0.328002371474
82943308,5.98411552699,0.420291130249
82946595,5.14740217701,0.146016369099
83081946,3.40155690574,0.318723422034
83195879,4.61417397831,0.446362101014
83212815,3.61999765192,0.228142927123
83227942,3.72347636851,0.375127042368
83308179,6.55473273581,0.282435281991
83370784,7.56934541071,0.21118175321
83382207,3.91438190538,0.984683521771
83577857,3.50803282112,0.376913887472
83630554,3.27897637071,0.256215063922
83888930,4.26349692356,0.275492878587
83898612,4.51774669556,0.0680273351497
83969535,4.08538586201,0.103455224937
84224194,5.65809207461,0.181556082074
84244582,4.42623648716,0.650803577259
84265542,3.63750548926,0.329082192481
84307529,3.45385925696,0.394601220351
84357869,4.44400193113,0.20427669327
84448602,4.41302904435,0.369066033107
84578797,3.72247832409,0.223030015197
84669175,3.93856285316,0.4319746335
84777347,5.06942692081,0.133092150284
84809867,5.61589439178,0.125522492857
84871886,7.74522701032,0.195970045396
84902535,7.14740045077,0.0492993597756
85039480,6.10979070076,0.229211126502
85144130,3.37846286333,0.652540374383
85191221,2.39351617091,0.682045883072
85293412,3.94732758483,0.0771109542703
85414569,5.21638527015,0.22727671016
85439795,4.49285091874,0.297330555109
85439845,8.95981239346,0.186586082162
85466349,4.75033018021,0.307491994812
85522998,9.77456833217,0.0630123480575
85589964,5.61210037437,0.465589992349
85649048,9.52614910398,0.318728890287
85680335,3.90012072051,0.44834133099
85780680,6.98601372011,0.143289600925
85870170,5.08521812998,0.320890718992
85879861,4.53071305826,0.226801636024
85948675,3.13895151819,0.226219933654
86151472,3.14967086942,0.0896265327992
86213654,9.35775938628,0.175434523914
86230042,7.93710875009,0.148252907104
86252276,3.21554869438,0.178197619092
86292032,8.64275504726,0.230375289551
86401521,7.51017044152,0.304810464595
86487763,9.70540503831,0.194003945606
86489973,2.975638796,0.210150244635
86635308,5.86303954762,0.161800872609
86658359,3.86293489468,0.262705852308
86660966,4.94105509272,0.310703198665
86698966,4.52546311304,0.543947168941
86705407,7.03597422315,0.227726662901
86742908,4.17282022268,0.342840247197
86758363,5.24500962623,0.949007609595
86803704,5.05174154385,0.186524750741
86809657,5.40404289151,0.161495700023
86813047,5.39101373932,0.425409367916
86821844,5.31157665049,0.334529966199
86919217,7.09339435994,0.360809456892
86934478,6.58559671501,0.485094594692
86975648,7.9121229814,0.396073824159
87082980,6.11629238375,0.361407889521
87128267,4.96827594126,0.358262108002
87130603,5.33945121271,0.184596752082
87150582,3.63251305927,0.210629889794
87175959,7.41476107579,0.0726764129935
87183951,8.98923655691,0.186319024863
87206189,4.19300688143,0.256481083195
87268787,4.89838755279,0.324061395953
87402469,4.33893483056,0.240347913452
87417556,5.58265466475,0.392673998447
87417982,3.86256411887,0.191476639346
87631226,4.13615958362,0.469951170759
87691892,5.3197212131,0.218613368851
87697682,5.22189234394,0.320891919743
87724529,7.84416763006,0.221235871249
87752075,3.14543858538,0.343810533912
87808950,4.4559956728,0.306496340551
87842606,4.33567077308,0.431615034696
87856388,5.62650822991,0.435225746547
87939927,8.85255485144,0.369549667567
87997772,9.97905422403,0.261470603853
88041263,8.04896692201,0.361462366288
88063507,8.47529874202,0.32010820918
88194361,3.87455039936,0.448298030317
88228019,4.19235413316,0.512360475318
88231233,5.07274813293,0.273486247445
88256651,3.66183995247,3.02858082662
88287927,5.40726201963,0.492189616595
88333068,9.72080282697,0.120851572616
88343802,3.95624135453,0.201299654515
88413067,7.25858481837,0.319953684419
88451685,7.09674764262,0.10214444266
88459694,3.61649441834,0.021283130114
88596338,7.9718341291,0.220119218204
88695626,3.31473666759,0.149508242743
88924392,4.64445577257,0.340742383444
88949087,3.06891730794,0.156360764796
89002707,4.14749887316,0.38789398425
89084833,7.45421534575,0.47955701973
89108521,4.10729094936,0.598926290946
89159753,9.65032331743,0.274250088528
89274370,4.02853655406,0.210422298123
89299828,5.83751122563,0.325787238388
89329228,6.49911634171,0.182552349669
89475579,3.82298965155,0.23173000367
89576049,9.12023499642,0.305974035577
89745225,4.61300614859,0.337376555079
89872627,5.90867654471,0.302536850235
89910561,4.89190418998,0.324377642922
89911813,5.11034612425,0.655402659791
90047765,3.91438289339,0.983047915927
90153116,8.31824259103,0.628289851315
90250289,3.97550816345,0.195726328081
90314147,4.57692720216,0.102335972568
90321306,3.29143941327,0.529752340744
90361022,3.2453915918,0.327192854351
90390292,9.57781376227,0.177408541347
90512781,4.65208701057,0.0861983651982
90739539,9.66246040171,0.0832775448376
90778992,8.85952886414,0.428153301687
90987882,6.5274189336,0.134871287574
91074470,4.7315805577,0.349645827739
91226665,5.08638010445,0.35958513053
91343957,6.37089361996,0.327983200852
91420500,2.81580603517,0.243540880917
91625940,5.98790793759,0.33789149601
91657831,4.22853434815,0.235523173676
91705234,5.95640105458,0.255581668639
91756633,3.02643896846,0.454732919993
91772215,5.43303587296,0.220985895674
91861189,9.09084324979,0.341920910258
91900996,8.53240295318,0.246427814335
91930831,3.04224634584,0.193402095243
91932161,6.58359161714,0.367018052061
91963316,5.99135211067,0.143248374614
92053866,8.12216983941,0.54251896769
92251672,4.21893495478,0.165858408185
92254052,7.41842238606,0.314920268857
92347595,5.73032386936,0.392689811334
92364022,6.85874119322,0.283329476577
92401308,4.80531385021,0.345502042762
92435141,3.95910875366,0.382699896315
92602382,4.52273516831,0.107938964827
92674135,6.17215851579,0.32832174149
92758794,8.53291085146,0.246146874949
92769326,5.23162056009,0.228050576628
92801741,5.21348658746,0.572410887195
92850197,8.69142885099,0.362450977493
92879476,3.35290332397,0.295036489431
92961569,9.39489973731,0.496270509665
92980141,9.81746677513,0.139060303312
92983416,4.38926502007,0.804455108072
92994438,3.8159128339,0.329221408567
93009853,3.1462448142,0.134423191463
93271095,3.45268400239,0.190205596789
93344982,5.5220013923,0.262402319731
93365253,3.56463610482,0.284066721375
93417061,4.10577281051,0.501585488624
93620586,7.50483936043,0.27112137022
93721842,7.53014648486,0.507908430975
93762121,8.1248140526,0.294110642798
93784919,6.61568027758,0.271068898792
94028932,2.94988172156,0.247853370243
94081343,5.4393759561,0.0676074598304
94127773,5.71673483805,0.575817220062
94273668,5.19713924567,0.15970906459
94314733,6.06214916798,0.683178456922
94463465,4.45365510214,0.204066755905
94641282,9.56856085678,0.38872532758
94701441,6.67850126935,0.411765559445
94785585,5.00282477654,0.264929098737
94896507,4.00606279832,0.114310690574
94935328,6.7700661602,0.241506097431
94954841,5.86311361488,0.344907025512
95049712,7.58171064668,0.547587943154
95049915,3.66882245097,0.356779174227
95121324,5.10586638298,0.116068499086
95159385,4.73546933548,0.282600037415
95162381,4.63334627429,0.312364186394
95246740,3.99926060506,0.668224546565
95317623,3.50777997638,0.195167197163
95490609,4.00505021677,0.581688334186
95499260,7.98707521942,0.753339809962
95595375,4.21822101754,0.55942212996
95744114,2.80502727842,0.311448654039
95866530,4.07187519342,0.244924605638
95878899,4.92349205496,0.168308294362
95894937,5.99787350567,0.421474878242
96233651,3.22560308704,0.205913143023
96240657,9.18004230713,0.289962580822
96246879,3.13046235068,0.174220823348
96298291,8.3796452982,0.373235698804
96596386,7.64715987975,0.18082989014
96620553,3.73602273954,0.186101119158
96664331,5.19335239418,0.300755377167
96676197,6.57201253075,0.0879684110401
96715108,4.06308653612,0.252355200066
96728510,3.91452748014,0.97397819439
96761640,3.3227686872,0.408341285291
96799174,3.15305182848,0.318639344171
96975445,6.5841079096,0.157732369603
97072448,3.10967516324,0.271293014504
97209370,7.66850411362,0.341629694518
97285127,4.23498907199,0.290031422221
97286077,3.54190664501,0.383572252318
97301909,4.84322496805,0.179015438051
97442088,7.86228659613,0.579123010232
97459034,5.11164052924,0.232448443424
97742269,4.5508096212,0.196509091149
97792190,4.1094682584,0.375112308253
97887024,3.20861654601,0.0497067415898
97906234,5.29795706513,0.148164882784
97943128,8.81067681069,0.155986199679
98038305,6.70850335361,0.375311905009
98118937,7.98715781286,0.129471717168
98154518,6.58389310038,0.36027625396
98167067,8.58573763483,0.273204234646
98191793,4.89638650153,0.329442019655
98231865,4.83514759191,0.301053343876
98267340,5.94173941976,0.351103604595
98320066,6.07491799839,0.517802341859
98325702,3.80514369488,0.20083859128
98465677,5.90099991219,0.105367353847
98504357,3.95772570141,0.38958990753
98507931,3.3987847557,0.209156955523
98510065,4.56784265853,0.509629912725
98714884,4.044857274,0.254776071436
99041421,8.85614734821,0.280960312171
99108245,8.70385535026,0.815200634262
99173112,3.29444857248,0.455814564396
99366334,3.99754272927,0.164973144187
99441494,3.58260421897,0.326366549623
99593374,3.87946457516,0.674501687904
99638726,3.60689007234,0.1684061965
99726434,9.54807031809,0.286839925948
100102280,5.33565712104,0.150585598949
100122518,4.46824325646,0.492368655708
100127808,3.25177691437,0.424605569638
100298871,4.66953616855,0.225586497087
100413487,4.34122770951,0.730936521824
100433423,2.66737881591,0.447716152937
100442019,4.84440858524,0.219225876037
100551111,7.12050408266,0.180934126651
100577197,3.65302914956,0.416691617887
100599449,7.54301713386,0.0290704860346
100714348,4.25015349353,0.512384692409
100848667,4.14269049508,0.227830796116
100939342,7.89887086435,0.398764050138
101133992,3.95837123117,0.317276605571
101244973,3.8985349062,0.111935013344
101363984,6.02693577044,0.0442693935043
101441464,4.35272811176,0.495401077043
101444167,2.26155081132,0.411131659851
101463790,10.011238561,0.149934045064
101472423,7.59950189121,0.626022700671
101619848,3.74332111815,0.259423438992
101633495,4.87612580089,0.168432704562
101729393,9.59536131802,0.288330500239
101758035,7.09647722806,0.2709199236
101762942,8.65753377401,0.38225497227
101898318,5.90097765492,0.454280930887
101983865,6.12647292619,0.299925368123
102024375,6.16939331667,0.547672610782
102043319,4.39741008133,0.357042603391
102223194,5.53910452942,0.388739101604
102354931,4.35649709716,0.192229591736
102386526,4.56243635716,0.373321124171
102464956,3.18891037039,0.120501675908
102495930,7.85746329056,0.0445304037459
102520034,4.31642935974,0.174639147822
102613703,4.92762599334,0.283577624075
102748747,9.58202293502,0.139725023984
102904396,7.11341453746,0.181014861173
102921481,8.69273514726,0.344935825099
102990543,3.4623730141,0.251211603985
103034798,9.92793968937,0.227437516992
103081913,5.97279483965,0.343907977544
103244674,3.95923675337,0.277050758452
103252558,5.75427884851,0.331311960981
103315620,4.72822504285,0.551351724579
103356665,6.75345631493,0.393588922373
103364815,8.68715866125,0.284248167675
103476050,5.15634507445,0.345101502212
103504440,2.71335312798,0.361614308306
103539300,8.11510299,0.119477298334
103790643,9.0158389732,0.299917711456
103817167,7.24869501783,0.261928540005
103821196,4.13437275319,0.247974329586
103830439,4.72766320344,0.253203286168
103943330,6.05370666102,0.49091774761
103995649,3.37025516312,0.268284141458
104001614,4.7698617439,0.456751654647
104068719,4.91126844671,0.374210159237
104099126,5.85243944079,0.0816412135927
104254337,4.31366512353,0.505765849673
104334773,9.54427816255,0.17653646992
104397193,7.28727860397,0.0192968527545
104412911,6.27128928955,0.127283850004
104503861,4.47043982693,0.524017591216
104515954,2.70522025706,0.401427807889
104533947,9.50067610613,0.152324496532
104765443,4.16997230195,0.459443054739
104824830,8.55351886969,0.285598759223
104943450,7.31588085577,0.327244185476
105033517,3.14122861347,0.401315413239
105128080,4.08028850105,0.0997120969221
105130907,5.099584819,0.31477699119
105206255,3.87851183439,0.239189653289
105285783,3.92658258658,0.32205260615
105478465,3.43468640961,0.358688322236
105566563,6.01025867376,0.276195555843
105688990,4.79142993488,0.694494081804
105830156,5.08644501005,0.114188197016
105891238,5.11088115402,0.409374823411
105927371,3.58970745921,0.183648682039
105927645,9.67856976114,0.376218293595
106075180,4.32989530576,0.390702718393
106115608,2.99088573042,0.31308954205
106125777,5.36098252511,0.337522490683
106195942,4.12053104514,0.229416598766
106239422,4.18074545336,0.863441829197
106287350,4.83700763758,0.279076654305
106363367,4.69110335528,0.220993065413
106363739,3.540771294,0.142255538185
106384945,4.45281450834,0.539870819858
106438996,5.35550406032,0.133223306037
106468638,3.52926964822,0.478402921866
106513022,5.44556297877,0.283199231712
106545479,3.86420403146,0.215333872448
106633938,5.92191169409,0.138674492565
106648824,7.80084377453,0.249306240023
106750068,8.11394502363,0.162828808792
106766792,3.63045681898,0.312863053216
106777707,4.03090195213,0.323069368076
106915630,3.22029195274,0.471921962965
106960570,3.0073767164,0.407956107524
107351000,3.08856252945,0.46966290744
107474309,3.74355778716,0.334879164847
107488869,3.25169859375,0.54518740314
107557728,8.97616311413,0.371723204197
107598111,3.06371108087,0.245893891407
107657609,2.03578971373,0.195856708177
107808561,4.22919718926,0.289961900835
107928532,3.05980078874,0.248116378438
107981524,5.31749408517,0.537712806394
108098286,7.30444721896,0.252252440048
108101311,6.92609737725,0.377079727048
108110512,7.90416061611,0.200295605028
108136575,5.45613999258,0.936183720934
108160238,3.8787844494,0.359140723236
108255616,9.05568291532,0.351134442182
108275496,4.4015421367,0.142507854929
108313467,6.17683331366,0.269477351061
108315597,4.51572480392,0.321891537638
108327120,3.5555930947,0.345171536243
108328529,4.12250660561,0.26182571447
108423541,4.11532311131,0.403324520688
108442020,3.43876526059,0.228560314538
108481380,4.01744525493,0.355264477448
108605654,3.45035701174,0.521903407684
108716871,6.75033284539,0.348842455633
109069907,3.04802774675,0.342047722171
109088969,4.06893098307,0.268030885542
109178080,4.72483532647,0.494101044656
109197025,4.13948921865,0.218711100083
109321076,5.40366845769,0.809219124735
109371427,9.71375141075,0.144981315472
109555933,3.37049309091,0.401093503375
109638647,3.8162418889,0.23705838572
109694858,3.18869843153,0.517794773543
109785117,7.7231801976,0.283492977862
109797362,4.1218061866,0.0454669968578
109873277,3.82391411583,0.283793837696
109882055,8.20127102666,0.256331429562
109968805,4.91295187029,0.453166945931
110034581,3.07927040161,0.375281800609
110095987,5.43945608731,0.0678663246961
110099058,4.83384092529,0.374238926545
110107673,4.03572703013,0.135252820173
110205532,3.95985575955,0.432395222048
110261089,4.62171205858,0.328194068651
110351591,3.21051672188,0.272873777518
110375526,3.84177350195,0.248516903124
110439735,5.86051804122,0.190046566297
110443431,7.44788817572,0.159705284568
110567709,3.4154964015,0.412424525211
110570640,4.38840410942,0.54583326011
110738539,3.74640072923,0.227042462147
110803113,3.94592444201,0.166578876008
110804451,3.19497432813,0.0817591746651
110975108,5.75045362821,0.223312285604
111277141,3.44754147543,0.16818451121
111327134,4.12560335888,0.491105602936
111483418,6.77566440126,0.199935347965
111575197,4.02972610242,0.136010224667
111594124,4.28161702114,0.3612816527
111594831,7.96900270438,0.288006863986
111633916,2.98573110995,0.488065184992
111660438,4.48887171759,0.0929796152
111716677,4.74392200683,0.532902580696
111771139,4.15966101259,0.193221422268
111834074,3.50001052883,0.309637635089
111961956,6.20213763606,0.332739007587
111983701,3.70044092423,0.375119739107
112097340,4.08719503419,0.284624388663
112099006,8.19648015802,0.115012609619
112109284,7.34645036077,0.502041525806
112156585,2.99285769167,0.171165708716
112163086,7.62886125669,0.724237487665
112292777,3.16204311701,0.213232360294
112354774,4.59228396334,0.23805253879
112416509,4.46830199199,0.0603508442365
112776534,9.54475763705,0.48483084882
112786258,9.40078580298,0.115570451741
112829721,3.33779762722,0.316106641386
112834933,4.36451961141,0.458270287166
112849568,4.48244378412,0.264251682119
112957822,4.28197402374,0.0857234308086
112989415,4.43294619137,0.516636537887
113245040,6.29989646091,0.563232816308
113252850,5.33663503894,0.22194132986
113329667,5.4569657647,0.192172372982
113409097,5.76141124623,0.214064741172
113522149,3.39349804948,0.06869355662
113605848,9.6578627484,0.470427129581
113773376,6.31142106955,0.106301780171
113793755,4.04916966046,0.107136805978
113904322,8.02096650292,0.265725590955
113914289,5.22063638493,0.23374039797
114029053,3.96201938228,0.341540135756
114118396,7.34091154193,0.332714857821
114163906,6.97078253166,0.140824586539
114196389,3.23826266726,0.277051449935
114237780,6.15833126429,0.0374064810555
114309134,5.63971370919,0.485788801368
114486201,9.95364489333,0.093184980863
114499870,6.15256384686,0.0865441150609
114527919,4.75096162057,0.601867654378
114680258,5.01564473149,0.224485930464
114688142,3.76874818406,0.101126441362
115007508,7.76556800414,0.332369407646
115101113,4.09732278971,0.215516213901
115136821,8.54717754819,0.349337781049
115156765,7.94949596281,0.388095923667
115213621,4.39825529102,0.235965091471
115230721,9.57713178885,0.718766699291
115307554,3.19621326453,0.148296468346
115402304,8.70095923703,0.560335368721
115531862,4.15486377854,0.247236371049
115535088,3.54670246227,0.0121108259926
115557873,6.22287270034,0.107518720475
115609783,6.86647975958,0.261325251401
115624137,7.8705059226,0.435931342253
115647298,4.55677769296,0.322138424008
115827173,7.53359194568,0.484637481988
115870014,3.81736464219,0.341291229826
115870585,5.01025340898,0.216311887815
115910890,3.79924989462,0.248892761397
115912282,3.90670611886,0.22782050829
115915799,3.09741237306,0.246453396503
115920996,2.93302134521,0.569830119896
115969914,3.22229408749,0.806428127766
115990572,3.02617898813,0.368213068525
116040256,7.36500903479,0.192873715016
116050087,4.6046073969,0.1384110388
116351667,4.11465213786,0.225223910445
116375549,5.76304388514,0.362368519486
116382337,3.79848463803,0.401373686003
116432654,4.53617797532,0.923203139778
116451501,4.07162077432,0.231845231786
116468115,4.77290595522,0.445556896023
116479961,7.26079421334,0.212469241649
116482346,3.38734128742,0.306429031322
116494849,5.80625139606,8.40355706763
116541363,8.59852304865,0.366769365705
116619873,3.29193948589,0.46050792281
116673023,8.00826759065,0.312462376377
116872334,8.57428549066,0.322644610293
116913755,6.05392357511,0.418568883679
116941623,9.93980036105,0.424578391053
117248685,3.59882459166,0.158099163485
117391011,7.12964103249,0.246852395739
117450083,5.51951907594,0.224719436068
117485952,6.49514114255,0.133799186967
117495237,3.19041094875,0.0544863329667
117504147,7.47946239249,0.374359292291
117510131,9.06252852861,0.271095233193
117562970,4.98759519224,0.12853959001
117565211,3.1683532983,0.16678756994
117576294,3.24426380408,0.200589938456
117577580,5.02045401969,0.354520108421
117633376,4.0291927717,0.228730711634
117638588,3.99457931441,0.386898585087
117649911,4.98509734359,0.335534823578
117673504,5.77548903714,0.384672424818
117700715,3.95047360024,0.953219702795
117961865,8.11832994818,0.433800477192
118037880,5.79735134593,0.305034729551
118190437,3.84492196721,0.201111038713
118227385,8.00141987565,0.312174866712
118263078,5.1711799483,0.227886427682
118285479,7.68553101946,0.292830534089
118343993,4.15403599801,0.210196687251
118446342,3.74743204687,0.339351553692
118480800,3.66338901809,0.288237901508
118532728,4.98495475382,0.532701375994
118551096,3.92246786733,0.136765734014
118559051,6.88176800668,0.239740141198
118602674,9.32854520832,0.623948190994
118626032,4.04345834777,0.231451177994
118657889,9.30609742956,0.353730489669
118664463,3.50765466943,0.184700162215
118689867,2.44972869257,0.228772962409
118757157,8.15990799183,0.44262658886
118813180,3.6004478638,0.132533203604
118886900,5.25664356139,0.222730039396
118970396,3.23344634897,0.296753140404
119012934,4.25159431936,0.310246104014
119057101,5.09440019027,0.259313293052
119209616,4.62775068471,0.335318041979
119353712,9.14086852264,0.328635130796
119357431,6.74885847235,0.225318059375
119388820,9.06608784297,0.225352640504
119641616,6.61514210755,0.250399591114
120024060,5.28438100268,0.242082253588
120024719,3.26555198812,0.175695449496
120030400,3.6292171558,0.290654759065
120246755,3.85201735522,0.134440829106
120303445,3.59378764421,0.239759284227
120325550,4.15493838896,0.37772881547
120354907,3.2018268031,0.0817825955756
120425433,7.96231342297,0.192640257852
120482965,3.9406842142,0.243335523989
120558934,4.62715923207,0.221413330912
120630180,3.4449820095,0.323972029594
120661580,3.97107004254,0.204736746859
120676520,4.0210448792,0.132073452997
120700609,6.7018645203,0.358197610323
120808014,7.81909387256,0.342438628168
120818032,5.2229348244,0.261483531273
120820188,9.73283769826,0.228192872178
120903979,4.43175013268,0.23317330583
120966302,3.1304899219,0.302177881992
121029519,5.73513992265,0.794613239278
121171205,8.62686608352,0.0381534044657
121223034,7.59833902405,0.624425530327
121255943,9.29047553354,0.0915560851245
121404313,4.50451209981,0.181789453971
121429195,4.19355485902,0.473495131337
121504515,4.78200032427,0.362542461028
121677504,3.87636802056,0.377860417721
121683577,5.37222006011,0.0685699966737
121704427,8.81426954281,0.327886883217
122077687,3.08960437468,0.434227241294
122270224,9.75586236611,0.115448804743
122303146,4.45672115187,0.337734797389
122335762,8.12480616951,0.330386035944
122582076,6.94056765855,0.421152029049
122618819,4.77601340857,0.115450586944
122683239,4.11979641,0.470797476974
122845088,4.67822345811,0.189331332876
122914042,3.59069825081,0.138765427898
122937949,3.20516055943,0.352676543545
123024210,5.97398391952,0.0638096869513
123040324,8.95473037678,0.175729906022
123056998,4.51743647495,0.301735515653
123266232,6.9606776402,0.184038560485
123275660,3.57067255795,0.411865109398
123429049,3.75201688871,0.169368869985
123470724,6.68934634663,0.23761177745
123478866,4.22459964285,0.259239362661
123484109,3.55818003839,0.295388367424
123488700,4.28445550836,0.132648857125
123563797,3.52142572588,0.337680973929
123618670,2.97374845849,0.691628279519
123621973,3.6810506203,0.460877515479
123737006,3.91469602175,0.982341344339
123745818,4.11370327812,0.376365170937
123809533,4.31432342569,0.26482349421
123856811,6.1867177407,0.395008698198
123988679,5.17250793049,0.455919416467
124191739,7.30161580098,0.294136123207
124373338,2.35247238026,0.263763987674
124546893,9.12623048182,0.312398483479
124598677,8.70915134479,0.635247700163
124643103,4.08800573259,0.272307581214
124702871,3.51483858232,0.123635827164
124977183,7.6199078929,0.24231318288
125191602,4.18965723502,0.27463314181
125232937,5.50186053216,0.129501289956
125405685,3.61333515844,0.370558487199
125439857,5.21500156714,0.16721931886
125509795,5.28385880351,0.235261199393
125642419,3.00473604984,0.346166609014
125665164,5.80050319274,0.163604523437
125835575,4.0000669815,0.505924615586
126010694,8.12287740418,0.271168548716
126014103,8.76684109031,0.282044778533
126141352,5.21228327993,0.640529886125
126262179,9.79694527814,0.298295672117
126309844,4.46968725019,0.490811097816
126374794,8.24807409016,0.138905650495
126400136,4.06127413435,0.254016394484
126564408,6.85148168161,0.367307946043
126644087,9.95425285581,0.18371164578
126686045,2.81824085352,0.355746637682
126709379,6.94959965152,0.343344256876
126791777,6.87734573251,0.205950575331
126863593,4.10508039837,0.297878052209
127145862,3.82671882431,0.225579708199
127175591,4.43971234358,0.60186739608
127333004,6.63735055114,0.409005490186
127374613,3.62332454267,0.0591972143713
127392312,9.56746437798,0.511638209823
127521319,4.34955077741,0.206166995078
127540625,4.18189818363,0.198582712575
127752560,3.81957551855,0.464749847423
127843563,3.58533216886,0.315351608485
128083908,3.25004639771,0.320572193893
128113763,3.59216516484,0.607007665227
128123284,3.89440379737,0.279498962852
128167460,7.90608180672,0.053237959172
128240086,5.86087460151,0.511827525177
128248681,9.29110484515,0.264097292709
128369913,7.22315127272,0.263451456861
128490634,3.13618680853,0.356712625097
128527504,3.17039580054,0.191658447298
128529993,4.06956588879,0.209595503084
128534658,5.17215899819,0.388327974575
128598679,8.59294189537,0.3680822148
128765670,5.25566487819,0.329231468323
128796733,3.78349256198,0.285149884707
128814583,4.82375173942,0.276786211789
128932972,3.11597701858,0.185661165569
128949060,6.90761302521,0.202848044063
128953634,3.50303016603,0.195151121163
128961480,4.60163920183,0.0674165940887
128966389,4.65428541491,0.328512486387
128971260,5.43784926095,0.287818747191
128983448,8.98975392919,0.251265303727
129030512,9.71084949446,0.465341882224
129045287,6.6058607906,0.207363763402
129135543,5.60615476467,0.28436914912
129257128,3.44419438918,0.276843900949
129399030,6.68209094793,0.274821798902
129416892,4.50461058138,0.0612728316579
129459169,6.00091604306,0.328859314652
129705825,9.98560608993,0.18000498624
129845065,6.77431372901,0.382268178567
129937154,9.79879038466,0.2225293964
129964738,9.35106953793,0.120635171461
130062639,5.53262753955,0.478926115292
130102264,3.18710515107,0.610416563925
130108924,5.4457345513,0.331407436988
130219752,9.13601410019,0.229957205778
130312781,8.85344377107,0.131037940585
130330088,3.20884004546,0.464481174365
130386135,6.13290107393,0.249858952467
130408188,3.59047523399,0.422726850284
130489916,3.92787345207,0.470395339098
130622528,9.85954680739,0.776734331854
130684460,3.95439030373,0.487327547977
130716752,4.53192600108,0.301319595129
130727624,3.69174633203,0.290699598786
130739978,4.15895932479,0.377818473191
130762946,3.09615738811,0.344678098638
130772921,3.85875383458,0.367483613414
130779836,3.13488245694,0.122418075539
